station_id,station_name,district,longitude,latitude,elevation_m,completeness,PRCPTOT,Rx1day,Rx5day,R95pTOT,SDII
101,Kakerpakha,Baitadi,80.538,29.658,783,1.0,1688.064,94.698,185.224,376.017,16.145
102,Baitadi (Gothapani),Baitadi,80.413,29.557,1352,0.994,1391.657,92.136,185.634,318.305,15.78
103,Patan (West),Baitadi,80.546,29.467,1292,0.998,1309.475,91.105,171.64,332.285,14.285
104,Dadeldhura,Dadeldhura,80.588,29.301,1879,1.0,1388.547,107.791,215.056,408.36,13.975
105,Mahendra Nagar (Sundarpur),Kanchanpur,80.23,28.955,197,1.0,1935.636,146.709,319.57,497.979,25.65
106,Belauri Santipur,Kanchanpur,80.375,28.699,164,1.0,1658.981,163.849,315.919,457.365,25.215
107,Darchula (Khalanga),Darchula,80.545,29.845,945,0.996,2454.792,107.4,254.465,511.08,19.691
108,Satbanjh,Baitadi,80.497,29.497,1881,0.998,1512.691,102.658,201.098,376.602,15.412
201,Pipalkot,Bajhang,80.848,29.619,1455,0.996,2277.091,110.819,248.273,549.774,17.975
202,Chainpur (West),Bajhang,81.217,29.55,1304,0.998,1584.429,81.913,170.91,366.171,14.303
203,Silgadhi Doti,Doti,80.984,29.268,1309,0.993,1377.959,95.537,186.344,334.688,15.29
204,Bajura (Martadi),Bajura,81.48,29.457,1598,1.0,2032.879,109.105,219.849,422.438,17.871
205,Katai,Doti,81.133,29.0,1388,0.996,1552.921,122.277,241.874,385.586,19.695
206,Asara Ghat,Achham,81.444,28.95,632,0.998,1223.433,87.502,155.224,308.976,15.912
207,Tikapur,Kailali,81.115,28.536,149,0.996,1668.64,156.795,286.642,471.612,21.821
208,Sandepani,Kailali,80.979,28.664,159,0.994,1961.095,169.788,330.998,525.981,25.576
209,Attariya,Kailali,80.56,28.813,184,0.993,1847.49,162.814,315.726,546.99,23.647
210,Bangga Camp,Achham,81.15,28.965,1180,0.998,1702.868,122.882,267.992,411.895,25.944
211,Khaptad,Doti,81.146,29.388,3068,0.963,2834.204,101.757,310.639,664.426,23.898
212,Sitapur,Kailali,80.832,28.554,148,1.0,1558.385,156.998,278.018,407.332,23.788
214,Kola Gaun,Doti,80.709,29.12,1364,0.996,1824.151,136.319,262.607,496.751,19.989
215,Godavari(West),Kailali,80.579,28.876,280,0.992,2318.685,167.129,359.347,562.595,28.734
217,Mangalsen,Achham,81.25,29.136,1310,0.998,1471.354,103.62,186.327,365.546,16.223
218,Dipayal (Doti),Doti,80.937,29.262,563,1.0,1139.716,85.6,161.658,317.874,13.074
301,Mugu Checkpost,Mugu,82.55,29.75,3803,0.987,497.35,28.36,53.29,117.01,6.031
302,Thirpu,Kalikot,81.752,29.303,1017,0.98,594.824,56.007,90.717,145.407,9.844
303,Jumla,Jumla,82.18,29.275,2363,0.998,812.386,47.423,90.653,204.595,8.044
304,Guthi Chaur,Jumla,82.33,29.231,2727,0.994,1065.566,49.337,115.688,219.602,9.465
305,Sheri Ghat,Kalikot,81.588,29.13,1090,0.981,1438.364,95.14,179.231,336.771,17.159
306,(Gamgadhi) Gam Shree Nagar,Mugu,82.154,29.55,2113,0.998,840.334,38.716,91.824,155.063,9.213
307,Rara Rastriye nikunj,Mugu,82.082,29.54,2989,0.983,861.023,45.253,98.533,172.977,8.58
308,Nagma,Kalikot,81.911,29.201,2017,0.996,817.319,54.619,97.926,185.84,9.105
309,Bijayapur (Raskot),Kalikot,81.639,29.25,1822,0.994,1340.643,58.322,153.403,217.284,16.273
310,Dipal Gaun,Jumla,82.223,29.264,2422,0.988,924.503,46.151,98.185,174.756,8.918
311,Simikot,Humla,81.816,29.972,2993,0.981,771.03,43.394,98.003,167.882,8.745
312,Dunai,Dolpa,82.896,28.951,2098,1.0,391.994,26.669,53.603,93.106,5.841
313,Darma,Humla,82.072,29.731,2288,0.991,1288.041,60.197,138.582,254.818,11.87
401,Pusma Camp,Surkhet,81.233,28.876,953,0.993,1574.873,114.802,212.117,380.798,18.504
402,Dailekh,Dailekh,81.708,28.838,1394,0.996,1747.526,85.288,198.0,358.529,17.333
403,Jamu (Tikuwa Kuna),Surkhet,81.331,28.781,243,0.994,1220.492,84.71,178.438,267.218,16.098
406,Surkhet (Birendra Nagar),Surkhet,81.635,28.588,720,1.0,1607.793,124.774,219.821,439.088,16.837
407,Kusum,Banke,82.094,28.008,200,0.992,1394.309,141.838,273.638,376.416,22.475
408,Gulariya,Bardiya,81.345,28.213,126,0.992,1389.013,150.718,275.954,397.754,22.093
409,Khajura (Nepalganj),Banke,81.59,28.114,129,0.993,1361.562,134.162,254.393,388.6,20.905
410,Bale Budha (Tallo Dhungeshwor),Dailekh,81.584,28.784,590,0.998,1124.221,93.94,173.567,286.386,16.801
411,Rajapur,Bardiya,81.098,28.434,133,0.999,1427.198,150.629,263.298,354.124,26.26
412,Naubasta,Banke,81.653,28.23,161,0.998,1462.456,143.583,274.11,389.083,22.648
413,Shyano Shree(Chepang),Bardiya,81.719,28.353,510,0.994,1915.622,149.856,272.386,477.392,25.917
414,Baijapur,Banke,81.899,28.018,150,0.986,1114.695,84.476,185.862,210.917,25.018
415,Bargadaha,Bardiya,81.338,28.426,166,1.0,1719.758,144.812,268.47,454.795,20.596
416,Nepalgunj(Reg.Off.),Banke,81.623,28.052,141,0.999,1400.33,146.144,271.505,384.167,22.241
417,Rani Jaruwa Nursery,Bardiya,81.338,28.337,145,0.991,1307.616,133.446,246.989,344.7,23.663
418,Maina Gaun (D.Bas),Jajarkot,82.269,28.961,1913,0.998,1994.982,84.338,209.474,356.397,17.783
419,Sikta,Banke,81.975,28.03,161,0.994,1517.202,135.93,266.935,384.021,22.977
420,Nepalgunj Airport,Banke,81.668,28.101,165,1.0,1478.408,150.481,274.927,464.108,19.55
501,Rukumkot,Rukum,82.621,28.613,1568,0.994,1833.208,83.886,191.8,399.524,15.877
502,Shera Gaun,Rukum,82.815,28.578,2170,0.998,1422.439,62.5,155.479,300.825,13.105
504,Libang Gaun,Rolpa,82.632,28.306,1314,1.0,1619.236,94.293,195.379,352.383,17.759
505,Bijuwar Tar,Pyuthan,82.852,28.104,835,0.99,1241.498,102.131,189.176,325.96,15.293
507,Nayabasti Hapure (Dang),Dang,82.139,28.201,685,0.992,1762.851,131.716,261.798,454.867,21.65
508,Tulsipur,Dang,82.303,28.132,683,0.989,1637.838,115.035,236.888,394.758,19.568
509,Ghorahi (Masina),Dang,82.5,28.05,725,0.992,1789.994,105.661,233.516,402.968,19.359
510,Koilabas,Dang,82.525,27.692,200,0.992,1588.6,143.421,279.223,356.9,29.204
511,Salyan Bazar,Salyan,82.142,28.382,1557,1.0,1009.074,85.656,159.628,271.491,13.414
513,Chaurjhari Tar,Rukum,82.21,28.654,863,0.997,1227.786,81.693,155.912,293.419,14.963
514,Musikot(Rukumkot),Rukum,82.462,28.618,1412,0.992,2175.584,101.188,218.749,445.542,18.787
515,Ghorai (Dang),Dang,82.484,28.037,663,1.0,1596.691,115.352,220.136,432.748,17.292
601,Jomsom,Mustang,83.73,28.784,2741,0.995,285.479,34.531,59.681,80.969,5.853
604,Thakmarpha,Mustang,83.682,28.739,2655,0.993,411.502,42.043,70.807,132.821,5.824
605,Baglung,Baglung,83.6,28.264,964,0.985,2008.468,108.682,231.075,438.33,19.003
606,Tatopani,Myagdi,83.64,28.477,1161,0.993,1644.462,74.31,155.27,374.385,11.931
607,Lete,Mustang,83.609,28.633,2490,0.994,1397.721,72.857,133.376,335.679,10.092
608,Ranipauwa (M.Nath),Mustang,83.862,28.816,3671,0.993,263.479,19.059,39.693,45.269,5.4
612,Mustang(Lomangthang),Mustang,83.967,29.183,3705,0.992,134.362,25.362,44.281,33.867,8.357
613,Karki Neta,Parbat,83.748,28.177,1642,0.994,2512.316,125.433,262.758,566.547,20.642
614,Kushma,Parbat,83.677,28.225,900,1.0,2548.7,120.541,267.298,554.266,20.577
615,Bobang,Baglung,83.084,28.397,1722,0.986,2349.546,96.176,249.292,396.432,21.803
616,Gurja Khani,Myagdi,83.701,28.399,2872,0.975,1823.703,76.483,200.149,345.849,15.162
619,Ghorepani,Myagdi,83.733,28.4,2742,0.997,2771.148,96.431,244.497,554.993,19.136
621,Darbang,Myagdi,83.4,28.383,1160,0.996,2124.529,80.145,202.003,396.877,18.386
622,Rangkhani,Baglung,83.558,28.144,1728,0.988,2659.368,143.879,325.185,699.929,23.743
623,Dhiee,Mustang,84.0,29.1,3620,0.985,93.964,19.091,31.764,24.645,5.87
624,Samar Gaun,Mustang,83.802,28.962,3610,0.965,186.919,17.573,34.035,42.381,4.461
625,Dhakarjhong,Mustang,83.74,28.824,3200,0.989,268.144,32.056,54.048,58.4,8.054
626,Bega,Myagdi,83.576,28.443,1682,0.992,2063.78,100.207,205.57,497.14,14.8
627,Kuhun,Myagdi,83.483,28.383,1550,0.985,1299.704,68.979,143.054,300.786,12.673
628,Muna,Myagdi,83.3,28.5,1970,0.992,2602.27,104.61,279.603,460.52,22.314
629,Baghara,Myagdi,83.383,28.567,2330,0.994,2940.786,103.034,260.676,554.745,20.979
630,Sirkon,Parbat,83.635,28.127,731,0.991,2267.459,138.017,281.521,581.548,21.57
701,Ridi Bazar,Gulmi,83.443,27.939,494,0.997,1385.335,115.407,222.858,360.5,18.203
702,Tansen,Palpa,83.539,27.864,1183,0.99,1640.45,139.726,272.506,471.071,19.315
705,Bhairahawa Airport,Rupandehi,83.42,27.507,108,0.998,1696.945,155.888,302.636,536.386,21.823
707,Bhairahawa (Agric),Rupandehi,83.458,27.529,112,0.995,1825.021,165.05,325.269,563.543,22.826
708,Parasi,Nawalparasi,83.662,27.519,112,0.996,1800.976,164.551,310.659,537.024,23.866
710,Dumkibas,Nawalparasi,83.868,27.591,167,0.987,2377.508,204.36,396.288,605.385,35.3
715,Khanchikot,Arghakhanchi,83.13,27.922,1801,0.998,1773.9,152.512,299.185,560.154,18.284
716,Taulihawa,Kapilbastu,83.067,27.571,106,0.992,1467.331,141.1,255.393,391.338,22.678
721,Pattharkot (West),Kapilbastu,83.048,27.756,190,0.998,2235.68,172.317,321.9,549.371,26.887
722,Musikot,Gulmi,83.268,28.17,1353,0.991,2325.135,130.36,281.698,449.66,25.85
723,Bhagwanpur,Kapilbastu,82.791,27.67,148,0.992,1762.779,158.329,284.884,443.321,26.131
725,Tamghas,Gulmi,83.244,28.064,1547,1.0,1851.74,115.729,244.002,447.155,18.466
726,Gandakot,Palpa,83.956,27.865,519,0.992,1944.579,164.0,294.23,542.37,22.326
728,Semari,Nawalparasi,83.786,27.468,110,0.995,1910.639,174.517,349.464,468.178,27.882
729,Lumbini,Rupandehi,83.283,27.467,95,0.984,1429.146,135.166,271.354,353.354,26.476
730,Sitapur(Nepaney),Arghakhanchi,83.14,27.885,1618,0.989,2084.13,138.64,299.58,535.215,19.575
801,Jagat (Setibas),Gorkha,84.9,28.367,1334,0.99,1401.952,68.242,138.37,275.488,13.867
802,Khudi Bazar,Lamjung,84.356,28.282,838,0.998,3370.129,136.132,308.032,739.217,23.018
804,Pokhara Airport,Kaski,83.98,28.2,827,1.0,3869.87,196.216,408.67,1071.935,26.676
805,Syangja,Syangja,83.873,28.099,871,0.999,2894.305,163.072,332.533,732.651,23.974
806,Larke Samdo,Gorkha,84.617,28.667,3650,0.993,937.17,38.54,97.29,193.622,7.841
807,Kunchha,Lamjung,84.345,28.127,820,0.996,2541.705,140.353,289.074,546.009,26.564
808,Bandipur,Tanahun,84.406,27.942,991,0.99,1786.971,108.774,229.729,432.724,19.03
809,Gorkha,Gorkha,84.589,27.971,724,0.99,1684.569,101.443,202.26,413.46,16.079
810,Chapkot,Syangja,83.846,27.9,617,0.998,1912.323,149.944,277.951,511.893,21.47
811,Malepatan (Pokhara),Kaski,83.974,28.218,859,0.992,3835.425,194.765,394.058,1021.655,26.04
813,Bhadaure Deurali,Kaski,83.822,28.266,1617,0.995,4323.889,170.905,440.137,890.061,32.588
814,Lumle,Kaski,83.818,28.297,1738,0.998,5434.584,205.923,484.544,1307.028,31.947
815,Khairini Tar,Tanahun,84.087,28.027,515,0.998,2343.074,137.224,289.133,607.048,21.479
817,Damauli,Tanahun,84.265,27.974,347,0.99,1754.993,121.768,226.054,452.468,19.249
818,Lamachaur,Kaski,83.969,28.262,992,0.988,4325.427,180.493,414.512,964.649,29.743
820,Manang Bhot,Manang,84.023,28.666,3556,0.994,384.471,35.684,69.271,94.903,5.991
823,Gharedhunga,Lamjung,84.58,28.148,1088,0.989,2986.325,138.145,298.2,614.265,25.256
824,Siklesh,Kaski,84.105,28.358,1996,0.998,3825.26,143.033,318.428,905.453,21.007
826,Walling,Syangja,83.755,27.977,756,0.992,2034.659,145.891,283.609,471.791,29.296
827,Ramjakot,Tanahun,84.143,27.902,660,0.997,1607.815,129.381,230.044,423.6,18.152
829,Sallyan (Kaski),Kaski,83.796,28.277,1591,0.983,3877.052,173.648,386.593,963.583,25.129
830,Pamdur,Kaski,83.833,28.29,1726,0.989,5041.673,195.417,477.01,1082.373,34.437
832,Dandaswara,Syangja,83.922,28.085,1316,0.988,3207.65,175.355,347.505,862.332,24.851
833,Chhekampar,Gorkha,85.0,28.483,3300,1.0,719.753,28.207,78.447,122.94,5.991
902,Rampur,Chitwan,84.351,27.654,189,1.0,2022.854,152.102,277.656,576.688,19.857
903,Jhuwani,Chitwan,84.522,27.591,177,1.0,1988.951,137.312,269.044,480.266,19.875
904,Chisapani Gadhi,Makwanpur,85.139,27.56,1729,0.996,2033.498,153.195,315.574,591.428,17.391
905,Daman,Makwanpur,85.093,27.604,2265,0.992,1697.978,124.466,253.791,455.247,14.185
906,Hetaunda N.F.I.,Makwanpur,85.028,27.423,452,0.991,2361.55,186.731,365.9,723.11,20.339
907,Amlekhganj,Bara,84.992,27.281,310,0.998,1869.295,174.642,337.168,473.85,29.428
909,Simara Airport,Bara,84.98,27.164,137,1.0,1843.423,165.858,325.893,567.16,22.377
910,Nijgadh,Bara,85.17,27.203,244,0.984,1777.438,151.716,313.751,524.092,20.06
911,Parwanipur,Bara,84.933,27.079,87,0.996,1566.979,148.256,279.149,436.105,22.016
912,Ramoli Bairiya,Routahat,85.381,27.016,152,0.996,1613.3,147.61,302.442,432.182,23.48
915,Markhu Gaun,Makwanpur,85.15,27.619,1535,1.0,1378.305,111.069,215.512,401.436,14.305
918,Birgunj,Parsa,84.878,27.023,67,0.993,1605.2,144.878,278.13,464.554,21.646
919,Makwanpur Gadhi,Makwanpur,85.156,27.416,1050,0.994,2228.246,146.605,299.98,562.576,18.842
921,Kalaiya,Bara,85.001,27.035,100,0.991,1448.531,134.559,273.364,346.274,23.815
922,Gaur,Routahat,85.313,26.767,77,0.992,1339.185,126.029,243.056,313.203,26.928
923,Kolbhi,Bara,85.175,27.075,114,0.998,1515.629,151.961,313.239,431.911,22.681
924,Chyuntaha,Bara,85.133,26.95,86,0.964,1544.167,156.656,275.533,454.778,24.523
925,Rajaiya,Makwanpur,84.882,27.467,354,0.966,2042.944,158.611,319.917,570.0,18.772
927,Bharatpur,Chitwan,84.429,27.689,216,0.99,2218.362,145.829,288.881,580.567,20.51
1002,Aru Ghat D.Bazar,Dhading,84.82,28.05,518,0.98,2021.557,110.733,221.943,483.014,18.412
1004,Nuwakot,Nuwakot,85.165,27.915,966,0.992,1863.732,93.711,208.771,384.9,18.91
1006,Gumthang,Sindhupalchok,85.86,27.855,1846,0.998,3711.25,91.707,264.186,587.669,24.224
1007,Kakani,Nuwakot,85.27,27.814,2030,0.994,2781.486,109.584,252.335,605.379,20.331
1008,Nawalpur,Sindhupalchok,85.624,27.813,1653,0.986,2442.288,104.468,248.468,527.563,20.848
1009,Chautara,Sindhupalchok,85.732,27.754,1552,0.997,2092.522,93.278,201.853,457.361,17.415
1015,Thankot,Kathmandu,85.221,27.688,1457,1.0,1733.721,101.534,221.983,424.39,14.881
1016,Sarmathang,Sindhupalchok,85.595,27.945,2574,0.984,3576.061,120.042,317.47,710.442,24.871
1017,Duwachaur,Sindhupalchok,85.567,27.858,1483,0.991,2222.044,96.369,234.554,474.487,18.12
1018,Bahunipati,Sindhupalchok,85.573,27.792,774,0.995,1750.923,88.926,193.823,360.484,18.562
1020,Mandan,Kabhre,85.636,27.694,1358,0.983,1001.886,81.297,141.806,247.78,12.092
1022,Godavari,Lalitpur,85.379,27.593,1527,1.0,1732.688,99.41,212.281,431.567,15.165
1023,Dolal Ghat,Kabhre,85.705,27.639,659,1.0,1123.228,72.798,137.365,273.307,11.712
1024,Dhulikhel,Kabhre,85.566,27.616,1543,0.997,1484.978,91.478,183.433,352.367,14.129
1029,Khumaltar,Lalitpur,85.326,27.652,1334,0.998,1191.114,73.186,148.44,310.47,11.09
1030,Kathmandu Airport,Kathmandu,85.356,27.704,1337,1.0,1481.881,84.516,165.302,392.223,13.469
1035,Sankhu,Kathmandu,85.477,27.744,1436,0.993,1911.652,75.267,191.581,354.09,17.011
1036,Panchkhal,Kabhre,85.621,27.645,857,0.975,1122.297,73.628,136.705,264.205,12.926
1038,Dhunibesi,Dhading,85.164,27.723,991,0.999,1555.47,102.802,190.247,367.53,14.382
1039,Panipokhari(Kathmandu),Kathmandu,85.324,27.729,1329,0.988,1542.995,83.258,170.082,326.424,14.887
1043,Nagarkot,Bhaktapur,85.521,27.693,2147,0.991,1785.73,91.807,194.605,415.609,15.226
1049,Khopasi(Panauti),Kabhre,85.529,27.572,1442,0.998,1303.571,91.073,165.156,367.361,12.347
1052,Bhaktapur,Bhaktapur,85.424,27.677,1315,0.996,1444.588,80.663,163.234,353.929,13.011
1054,Thamachit,Rasuwa,85.302,28.184,1770,0.998,842.341,34.173,91.376,204.815,7.448
1055,Dhunche,Rasuwa,85.302,28.11,1993,0.981,1958.532,66.327,169.557,307.608,16.798
1057,Pansayakhola,Nuwakot,85.106,28.029,1982,0.989,3090.076,114.56,296.979,543.06,25.739
1058,Tarke Ghyang,Sindhupalchok,85.554,27.999,2596,0.995,3584.585,116.218,324.382,733.482,22.415
1059,Changu Narayan,Bhaktapur,85.427,27.716,1502,0.998,1727.223,78.902,170.351,380.644,14.906
1060,Chapa Gaun,Lalitpur,85.327,27.603,1478,0.998,1338.058,92.949,183.477,369.716,12.903
1062,Sangachok,Sindhupalchok,85.707,27.683,1194,0.991,1434.676,79.737,163.916,300.634,14.592
1063,Thokarpa,Sindhupalchok,85.779,27.688,1565,1.0,1983.043,81.077,190.571,399.766,15.942
1071,Buddhanilakantha,Kathmandu,85.358,27.78,1428,0.974,1970.415,82.378,191.085,413.53,15.864
1073,Khokana,Lalitpur,85.297,27.644,1309,1.0,1298.268,88.535,170.103,355.739,11.82
1077,Sundarijal (Alapot),Kathmandu,85.431,27.75,1384,0.993,1934.18,94.74,197.02,430.124,16.851
1078,"Dhap-2, Tarnamlang",Sindhupalchok,85.632,27.901,1347,0.995,2827.552,125.54,287.474,589.736,22.307
1079,Nagarjun,Kathmandu,85.277,27.758,1393,0.999,1693.304,88.942,186.996,381.371,15.064
1080,Tikathali,Lalitpur,85.37,27.659,1305,0.996,1226.891,77.865,149.978,284.887,12.224
1081,Jitpurphedhi,Kathmandu,85.29,27.784,1409,0.992,1816.532,82.355,186.186,389.136,14.743
1082,Nangkhel,Bhaktapur,85.462,27.646,1413,1.0,1334.458,79.511,149.179,297.932,12.709
1101,Nagdaha,Dolkha,86.104,27.676,909,0.984,1277.64,65.091,158.702,280.598,13.192
1102,Charikot,Dolkha,86.05,27.667,1940,0.997,2146.624,99.568,216.227,488.31,15.833
1103,Jiri,Dolkha,86.232,27.63,1877,0.99,2402.722,88.588,230.751,532.024,16.387
1104,Melung,Dolkha,86.05,27.517,1536,0.991,1153.929,48.529,119.237,268.185,10.759
1107,Sindhuli Madhi,Sindhuli,85.923,27.218,556,0.987,2538.095,170.097,350.795,685.959,21.035
1108,Bahun Tilpung,Sindhuli,86.167,27.183,1417,0.993,1851.028,123.307,259.288,479.886,15.878
1109,Pattharkot(East),Sarlahi,85.66,27.1,189,0.992,1745.598,146.72,290.849,456.254,22.657
1110,Tulsi,Dhansua,85.921,27.013,271,1.0,1690.22,140.417,279.707,397.378,23.721
1111,Janakpur Airport,Dhansua,85.924,26.711,76,1.0,1482.112,150.881,313.628,429.347,22.56
1112,Chisapani Bazar,Dhansua,86.145,26.93,127,0.998,1536.569,122.879,291.2,293.314,29.202
1115,Nepalthok,Sindhuli,85.849,27.42,690,0.994,854.716,86.33,151.738,224.23,15.547
1117,Hariharpur Gadhi Valley,Sindhuli,85.456,27.294,230,0.996,2418.486,183.565,378.491,617.014,24.197
1118,Manusmara,Sarlahi,85.445,26.928,90,0.994,1394.461,139.749,267.356,380.28,22.03
1119,Gausala,Mahottari,85.782,26.916,200,0.981,1422.861,104.92,244.871,305.51,26.26
1120,Malangwa,Sarlahi,85.557,26.853,87,0.978,1431.983,149.453,289.444,389.439,23.83
1121,Karmaiya,Sarlahi,85.484,27.132,139,0.979,1786.163,161.287,347.982,489.297,23.425
1123,Manthali,Ramechhap,86.061,27.395,497,0.989,928.052,72.9,142.148,208.934,13.375
1202,Chaurikhark,Solukhumbu,86.717,27.697,2642,0.996,2106.914,80.129,199.105,394.821,14.464
1203,Pekarnas,Solukhumbu,86.569,27.443,1945,0.998,1776.151,80.062,197.781,373.686,15.281
1204,Aisealukhark,Khotang,86.749,27.36,2064,0.998,2169.469,102.398,217.967,469.933,18.387
1206,Okhaldhunga,Okhaldhunga,86.504,27.308,1731,0.998,1714.395,94.947,204.226,474.065,14.811
1207,Mane Bhanjyang,Okhaldhunga,86.444,27.215,1529,0.994,995.734,88.176,155.805,232.939,13.822
1210,Kurle Ghat,Khotang,86.43,27.136,341,0.983,896.533,100.119,177.717,279.933,12.836
1211,Khotang Bazar,Khotang,86.843,27.029,1305,0.992,1163.951,104.41,201.956,326.488,18.405
1212,Phatepur,Saptari,86.931,26.737,83,0.987,1793.476,141.447,297.374,514.876,19.522
1215,Lahan,Siraha,86.477,26.733,110,0.983,1392.186,115.597,235.079,352.997,20.069
1216,Siraha,Siraha,86.212,26.656,63,0.991,1416.086,135.933,271.171,360.452,21.108
1219,Salleri,Solukhumbu,86.586,27.505,2383,0.988,1632.01,62.898,155.693,326.278,12.599
1222,Diktel,Khotang,86.792,27.213,1612,0.993,1469.407,83.464,173.402,349.271,14.284
1223,Rajbiraj,Saptari,86.743,26.541,68,0.992,1519.567,116.558,263.274,389.758,19.951
1224,Siruwa,Solukhumbu,86.372,27.556,1614,0.983,1824.735,72.849,174.419,343.465,13.863
1226,Barmajhiya,Saptari,86.9,26.595,71,0.998,1667.048,133.476,279.331,418.021,21.973
1227,Gaighat,Udayapur,86.699,26.801,179,1.0,1284.729,90.771,224.306,355.371,15.664
1301,Num,Sankhuwasabha,87.285,27.555,1494,0.983,4397.144,188.679,412.182,1024.503,25.217
1303,Chainpur (East),Sankhuwasabha,87.317,27.292,1277,0.999,1430.54,74.288,140.396,346.688,11.936
1304,Pakhribas,Dhankuta,87.292,27.046,1720,0.996,1530.924,96.956,191.924,421.363,13.871
1305,Leguwa Ghat,Dhankuta,87.289,27.153,446,1.0,883.602,66.38,118.415,210.58,12.11
1306,Muga,Dhankuta,87.244,27.05,1457,0.996,1070.142,67.171,135.763,191.608,14.309
1307,Dhankuta,Dhankuta,87.346,26.983,1192,0.996,965.7,87.87,162.83,309.17,11.298
1308,Mul Ghat,Dhankuta,87.32,26.932,286,0.986,1096.886,108.835,203.474,338.3,13.898
1309,Tribeni (Dhankuta),Dhankuta,87.16,26.914,146,0.989,1841.144,129.498,280.94,497.456,19.543
1311,Dharan Bazar,Sunsari,87.298,26.792,310,0.998,2179.958,160.6,321.509,620.121,20.216
1312,Haraincha,Morang,87.371,26.61,93,0.992,2064.319,156.61,324.198,562.069,21.878
1314,Terhathum,Terhathum,87.536,27.123,1525,0.99,1009.821,72.461,127.479,236.232,12.466
1316,Chatara,Sunsari,87.159,26.82,105,0.995,2129.747,152.526,316.658,577.23,21.925
1317,Chepuwa,Sankhuwasabha,87.412,27.753,2039,0.987,2593.397,70.136,166.354,449.238,14.015
1319,Biratnagar Airport,Morang,87.267,26.484,72,1.0,1828.205,138.807,280.565,533.823,20.533
1320,Tarahara,Sunsari,87.279,26.699,120,0.998,1962.112,155.198,307.663,563.616,20.344
1321,Tumlingtar,Sankhuwasabha,87.204,27.301,477,0.995,1278.774,82.244,155.467,289.937,14.663
1322,Machhuwaghat,Dhankuta,87.155,26.938,168,0.988,1339.488,90.737,198.895,326.19,17.236
1325,Dingla,Bhojpur,87.146,27.353,1169,0.992,1966.119,104.807,228.149,432.474,18.964
1326,Letang,Morang,87.502,26.734,256,0.984,2391.305,166.61,350.957,650.938,22.872
1327,Khadbari,Sankhuwasabha,87.204,27.391,1064,1.0,1820.075,83.825,182.25,489.138,13.737
1403,Lungthung,Taplejung,87.794,27.547,1807,0.993,2248.698,69.017,172.957,434.379,13.338
1405,Taplejung,Taplejung,87.67,27.359,1744,1.0,1930.653,81.495,169.498,466.949,13.08
1406,Memeng Jagat,Panchther,87.93,27.186,1590,0.989,2168.182,80.589,195.042,526.963,13.442
1407,Ilam Tea Estate,Ilam,87.923,26.91,1208,0.994,1626.142,121.275,241.55,448.786,16.842
1408,Damak,Jhapa,87.703,26.671,119,0.992,2341.812,175.123,364.496,603.835,25.426
1409,Anarmani Birta,Jhapa,87.989,26.625,122,0.997,2508.352,167.307,390.538,641.269,25.503
1410,Himali Gaun,Ilam,88.027,26.887,1654,0.994,2351.881,145.602,286.623,620.363,19.086
1412,Chandra Gadhi,Jhapa,88.062,26.564,90,0.992,2315.678,157.5,371.378,532.473,28.213
1415,Sanischare,Jhapa,87.989,26.69,168,0.997,2733.238,181.222,389.695,693.89,26.878
1416,Kanyam Tea Estate,Ilam,88.078,26.868,1570,0.996,2921.28,182.456,365.9,817.454,22.917
1419,Phidim (Panchther),Panchther,87.766,27.144,1157,0.997,1277.467,70.916,136.828,296.205,11.895
1420,Dovan,Taplejung,87.62,27.364,700,0.998,1672.715,57.592,146.565,261.535,15.363
1421,Gaida (Kankai),Jhapa,87.861,26.657,107,0.994,2668.479,181.271,404.408,772.455,24.046
1422,Kechana,Jhapa,88.004,26.396,71,0.984,2390.157,177.1,374.483,657.139,24.761
